{
    "name": "root",
    "gauges": {
        "HorrorDirector.Policy.Entropy.mean": {
            "value": 0.10300876200199127,
            "min": -2.3841693064241554e-07,
            "max": 0.11389072239398956,
            "count": 150
        },
        "HorrorDirector.Policy.Entropy.sum": {
            "value": 1037.916259765625,
            "min": -0.0024745818227529526,
            "max": 1141.0396728515625,
            "count": 150
        },
        "HorrorDirector.Environment.EpisodeLength.mean": {
            "value": 27.630372492836678,
            "min": 18.533203125,
            "max": 41.03781512605042,
            "count": 150
        },
        "HorrorDirector.Environment.EpisodeLength.sum": {
            "value": 9643.0,
            "min": 9489.0,
            "max": 9812.0,
            "count": 150
        },
        "HorrorDirector.Step.mean": {
            "value": 1499942.0,
            "min": 9998.0,
            "max": 1499942.0,
            "count": 150
        },
        "HorrorDirector.Step.sum": {
            "value": 1499942.0,
            "min": 9998.0,
            "max": 1499942.0,
            "count": 150
        },
        "HorrorDirector.Policy.ExtrinsicValueEstimate.mean": {
            "value": -1.9587171077728271,
            "min": -3.219475030899048,
            "max": 20.598039627075195,
            "count": 150
        },
        "HorrorDirector.Policy.ExtrinsicValueEstimate.sum": {
            "value": -683.59228515625,
            "min": -1187.986328125,
            "max": 10525.5986328125,
            "count": 150
        },
        "HorrorDirector.Environment.CumulativeReward.mean": {
            "value": -2.956876700642628,
            "min": -4.09755081610412,
            "max": -1.9893345939188671,
            "count": 150
        },
        "HorrorDirector.Environment.CumulativeReward.sum": {
            "value": -1031.9499685242772,
            "min": -1150.3499725833535,
            "max": -907.5499650724232,
            "count": 150
        },
        "HorrorDirector.Policy.ExtrinsicReward.mean": {
            "value": -2.956876700642628,
            "min": -4.09755081610412,
            "max": -1.9893345939188671,
            "count": 150
        },
        "HorrorDirector.Policy.ExtrinsicReward.sum": {
            "value": -1031.9499685242772,
            "min": -1150.3499725833535,
            "max": -907.5499650724232,
            "count": 150
        },
        "HorrorDirector.Losses.PolicyLoss.mean": {
            "value": 0.2506202228270446,
            "min": 0.23211229110072581,
            "max": 0.2534404543321403,
            "count": 150
        },
        "HorrorDirector.Losses.PolicyLoss.sum": {
            "value": 18.5458964892013,
            "min": 16.106323475207997,
            "max": 20.0129899494277,
            "count": 150
        },
        "HorrorDirector.Losses.ValueLoss.mean": {
            "value": 2.872439576813632,
            "min": 2.1237482789518087,
            "max": 353.2927060383901,
            "count": 150
        },
        "HorrorDirector.Losses.ValueLoss.sum": {
            "value": 212.56052868420875,
            "min": 161.40486920033746,
            "max": 23670.61130457214,
            "count": 150
        },
        "HorrorDirector.Policy.LearningRate.mean": {
            "value": 9.842618341081084e-07,
            "min": 9.842618341081084e-07,
            "max": 0.0002989676958664895,
            "count": 150
        },
        "HorrorDirector.Policy.LearningRate.sum": {
            "value": 7.283537572400002e-05,
            "min": 7.283537572400002e-05,
            "max": 0.022713724528758528,
            "count": 150
        },
        "HorrorDirector.Policy.Epsilon.mean": {
            "value": 0.10032805405405404,
            "min": 0.10032805405405404,
            "max": 0.1996558985074627,
            "count": 150
        },
        "HorrorDirector.Policy.Epsilon.sum": {
            "value": 7.424275999999999,
            "min": 7.424275999999999,
            "max": 15.271241466666666,
            "count": 150
        },
        "HorrorDirector.Policy.Beta.mean": {
            "value": 0.0005000000000000001,
            "min": 0.0005,
            "max": 0.0005000000000000001,
            "count": 150
        },
        "HorrorDirector.Policy.Beta.sum": {
            "value": 0.037000000000000005,
            "min": 0.0335,
            "max": 0.04000000000000001,
            "count": 150
        },
        "HorrorDirector.IsTraining.mean": {
            "value": 1.0,
            "min": 1.0,
            "max": 1.0,
            "count": 150
        },
        "HorrorDirector.IsTraining.sum": {
            "value": 1.0,
            "min": 1.0,
            "max": 1.0,
            "count": 150
        }
    },
    "metadata": {
        "timer_format_version": "0.1.0",
        "start_time_seconds": "1766928390",
        "python_version": "3.10.1 (tags/v3.10.1:2cd268a, Dec  6 2021, 19:10:37) [MSC v.1929 64 bit (AMD64)]",
        "command_line_arguments": "C:\\Programming\\GradWork\\GradWork\\venv\\Scripts\\mlagents-learn ./config/HorrorDirector.yaml --run-id=neweventsbaseline",
        "mlagents_version": "1.1.0",
        "mlagents_envs_version": "1.1.0",
        "communication_protocol_version": "1.5.0",
        "pytorch_version": "2.8.0+cpu",
        "numpy_version": "1.23.5",
        "end_time_seconds": "1766933023"
    },
    "total": 4633.04079400003,
    "count": 1,
    "self": 0.034579799976199865,
    "children": {
        "run_training.setup": {
            "total": 0.06711900001391768,
            "count": 1,
            "self": 0.06711900001391768
        },
        "TrainerController.start_learning": {
            "total": 4632.939095200039,
            "count": 1,
            "self": 1.6559549267403781,
            "children": {
                "TrainerController._reset_env": {
                    "total": 18.420176799874753,
                    "count": 1,
                    "self": 18.420176799874753
                },
                "TrainerController.advance": {
                    "total": 4612.821575973416,
                    "count": 70884,
                    "self": 1.4575393635313958,
                    "children": {
                        "env_step": {
                            "total": 1441.0682798239868,
                            "count": 70884,
                            "self": 1253.3940446258057,
                            "children": {
                                "SubprocessEnvManager._take_step": {
                                    "total": 186.7541735228151,
                                    "count": 70884,
                                    "self": 4.762177414493635,
                                    "children": {
                                        "TorchPolicy.evaluate": {
                                            "total": 181.99199610832147,
                                            "count": 70884,
                                            "self": 181.99199610832147
                                        }
                                    }
                                },
                                "workers": {
                                    "total": 0.9200616753660142,
                                    "count": 70884,
                                    "self": 0.0,
                                    "children": {
                                        "worker_root": {
                                            "total": 4613.957684747176,
                                            "count": 70884,
                                            "is_parallel": true,
                                            "self": 3483.94512166013,
                                            "children": {
                                                "steps_from_proto": {
                                                    "total": 0.0018522001337260008,