{"count":1,"self":1019.8638592,"total":2275.6494149,"children":{"InitializeActuators":{"count":20,"self":0.0015306999999999999,"total":0.0015306999999999999,"children":null},"InitializeSensors":{"count":20,"self":0.0010050999999999999,"total":0.0010050999999999999,"children":null},"AgentSendState":{"count":2499418,"self":5.5801951999999995,"total":15.6061059,"children":{"CollectObservations":{"count":1000438,"self":2.8756733999999997,"total":2.8756733999999997,"children":null},"WriteActionMask":{"count":1000438,"self":0.45694389999999996,"total":0.45694389999999996,"children":null},"RequestDecision":{"count":1000438,"self":1.7899456,"total":6.6932933,"children":{"AgentInfo.ToProto":{"count":1000438,"self":1.3826543,"total":4.9033478,"children":{"GenerateSensorData":{"count":1000438,"self":3.5206936,"total":3.5206934999999997,"children":null}}}}}}},"DecideAction":{"count":2499418,"self":1110.0751871999998,"total":1110.0752109,"children":null},"AgentAct":{"count":2499418,"self":130.03988479999998,"total":130.0468696,"children":{"AgentInfo.ToProto":{"count":1005,"self":0.0027332999999999997,"total":0.0069819,"children":{"GenerateSensorData":{"count":1005,"self":0.0042486,"total":0.0042486,"children":null}}}}},"AgentInfo.ToProto":{"count":2959,"self":0.0249326,"total":0.053803399999999994,"children":{"GenerateSensorData":{"count":2959,"self":0.0288708,"total":0.0288708,"children":null}}}},"gauges":{"HorrorDirector.CumulativeReward":{"count":3964,"max":11.6276054,"min":-4.689596,"runningAverage":2.607375,"value":7.50027037,"weightedAverage":2.93490076}},"metadata":{"timer_format_version":"0.1.0","start_time_seconds":"1767023494","unity_version":"6000.2.7f2","command_line_arguments":"C:\\Program Files\\Unity\\Hub\\Editor\\6000.2.7f2\\Editor\\Unity.exe -projectpath C:\\Programming\\GradWork\\GradWork -acceptSoftwareTermsForThisRunOnly -useHub -hubIPC -cloudEnvironment production -licensingIpc LicenseClient-louie -hubSessionId b82baf34-3afb-4de2-8920-6db190dfd2c0 -accessToken bJ5hon6FO3Xo7r-ayY9szLCpoUuWFcCNsSupS2x95P0008f","communication_protocol_version":"1.5.0","com.unity.ml-agents_version":"2.0.2","scene_name":"TestCorridor","end_time_seconds":"1767025769"}}