{"count":1,"self":1144.095744,"total":1875.4573957999999,"children":{"InitializeActuators":{"count":20,"self":0.0020212999999999997,"total":0.0020212999999999997,"children":null},"InitializeSensors":{"count":20,"self":0.0015252,"total":0.0015252,"children":null},"AgentSendState":{"count":2502835,"self":5.6101351999999993,"total":14.8373277,"children":{"CollectObservations":{"count":1001140,"self":2.7978883999999997,"total":2.7978885,"children":null},"WriteActionMask":{"count":1001140,"self":0.45482859999999997,"total":0.45482859999999997,"children":null},"RequestDecision":{"count":1001140,"self":1.68732,"total":5.9744755,"children":{"AgentInfo.ToProto":{"count":1001140,"self":1.1734935,"total":4.2871555,"children":{"GenerateSensorData":{"count":1001140,"self":3.1136619999999997,"total":3.1136619999999997,"children":null}}}}}}},"DecideAction":{"count":2502835,"self":653.7721856,"total":653.7721607,"children":null},"AgentAct":{"count":2502835,"self":62.7342656,"total":62.7342661,"children":null},"AgentInfo.ToProto":{"count":3320,"self":0.0010314,"total":0.0143603,"children":{"GenerateSensorData":{"count":3320,"self":0.0133289,"total":0.0133289,"children":null}}}},"gauges":{"HorrorDirector.CumulativeReward":{"count":3320,"max":22.0109253,"min":-49.7911377,"runningAverage":-9.917899,"value":4.36689758,"weightedAverage":4.024192}},"metadata":{"timer_format_version":"0.1.0","start_time_seconds":"1767088346","unity_version":"6000.2.7f2","command_line_arguments":"C:\\Program Files\\Unity\\Hub\\Editor\\6000.2.7f2\\Editor\\Unity.exe -projectpath C:\\Programming\\GradWork\\GradWork -acceptSoftwareTermsForThisRunOnly -useHub -hubIPC -cloudEnvironment production -licensingIpc LicenseClient-louie -hubSessionId c316cdf9-398c-4ffc-8bb6-0d357410fb23 -accessToken 58mi26g53mj8pxJ_CTOPIwYsoEbLpY-Ft7j4huBYQDM008f","communication_protocol_version":"1.5.0","com.unity.ml-agents_version":"2.0.2","scene_name":"TestCorridor","end_time_seconds":"1767090221"}}