{"count":1,"self":1169.0177535999999,"total":2498.3448715,"children":{"InitializeActuators":{"count":20,"self":0.0014257,"total":0.0014257,"children":null},"InitializeSensors":{"count":20,"self":0.0015362,"total":0.0015362,"children":null},"AgentSendState":{"count":2495168,"self":5.7726131999999994,"total":35.1885791,"children":{"CollectObservations":{"count":1000710,"self":21.927964799999998,"total":21.9279646,"children":null},"WriteActionMask":{"count":1000710,"self":0.6247448,"total":0.6247448,"children":null},"RequestDecision":{"count":1000710,"self":2.1368747999999997,"total":6.8632566,"children":{"AgentInfo.ToProto":{"count":1000710,"self":1.4989242999999999,"total":4.7263817999999995,"children":{"GenerateSensorData":{"count":1000710,"self":3.2274575999999997,"total":3.2274575,"children":null}}}}}}},"DecideAction":{"count":2495168,"self":1190.6886656,"total":1190.6886202,"children":null},"AgentAct":{"count":2495168,"self":103.3595584,"total":103.416692,"children":{"AgentInfo.ToProto":{"count":3963,"self":0.0285027,"total":0.057133199999999995,"children":{"GenerateSensorData":{"count":3963,"self":0.0286305,"total":0.0286305,"children":null}}}}},"AgentInfo.ToProto":{"count":1717,"self":0.0133523,"total":0.0297564,"children":{"GenerateSensorData":{"count":1717,"self":0.016404099999999998,"total":0.016404099999999998,"children":null}}}},"gauges":{"HorrorDirector.CumulativeReward":{"count":5680,"max":44.5500679,"min":-10.8382568,"runningAverage":10.0035172,"value":35.8499832,"weightedAverage":31.8238869}},"metadata":{"timer_format_version":"0.1.0","start_time_seconds":"1767110981","unity_version":"6000.2.7f2","command_line_arguments":"C:\\Program Files\\Unity\\Hub\\Editor\\6000.2.7f2\\Editor\\Unity.exe -projectpath C:\\Programming\\GradWork\\GradWork -acceptSoftwareTermsForThisRunOnly -useHub -hubIPC -cloudEnvironment production -licensingIpc LicenseClient-louie -hubSessionId c316cdf9-398c-4ffc-8bb6-0d357410fb23 -accessToken 58mi26g53mj8pxJ_CTOPIwYsoEbLpY-Ft7j4huBYQDM008f","communication_protocol_version":"1.5.0","com.unity.ml-agents_version":"2.0.2","scene_name":"TestCorridor","end_time_seconds":"1767113479"}}